objid,source_id,ra,dec,pmra,pmdec,ref_epoch,phot_g_mean_mag,phot_bp_mean_mag,phot_rp_mean_mag,parallax,parallax_error,phot_g_mean_flux,phot_g_mean_flux_error,phot_bp_mean_flux,phot_bp_mean_flux_error,phot_rp_mean_flux,phot_rp_mean_flux_error,phot_g_mean_ABmag,phot_bp_mean_ABmag,phot_rp_mean_ABmag,phot_g_mean_ABmag_err,phot_bp_mean_ABmag_err,phot_rp_mean_ABmag_err,AbsMagG,AbsMagG_err,BpRp,BpRp_err,SDSS_u,SDSS_u_err,SDSS_g,SDSS_g_err,SDSS_r,SDSS_r_err,SDSS_i,SDSS_i_err,SDSS_z,SDSS_z_err,SMSS_u,SMSS_u_err,SMSS_v,SMSS_v_err,SMSS_g,SMSS_g_err,SMSS_r,SMSS_r_err,SMSS_i,SMSS_i_err,SMSS_z,SMSS_z_err,PS1_g,PS1_g_err,PS1_r,PS1_r_err,PS1_i,PS1_i_err,PS1_z,PS1_z_err,PS1_y,PS1_y_err,DES_g,DES_g_err,DES_r,DES_r_err,DES_i,DES_i_err,DES_z,DES_z_err,DES_y,DES_y_err,2MASS_j,2MASS_j_err,2MASS_h,2MASS_h_err,2MASS_k,2MASS_k_err,GALEX_fuv_mag,GALEX_fuv_mag_err,GALEX_nuv_mag,GALEX_nuv_mag_err,WISE_W1,WISE_W1_err,WISE_W2,WISE_W2_err,TESS_T,TESS_T_err,mask
8,2767667274751730048,4.018977057129835,13.41668229508561,303.44867753776674,-36.836521659933595,2016.0,16.96071,17.063173,16.789148,16.347451153988693,0.08776264,3095.0161394189795,2.5552926,2042.4313067684986,9.138797,1525.80435733744,10.111548,17.07437914925562,17.078597734932224,17.14523592646155,0.0028943615552847984,0.005380876423850111,0.007369104749002012,13.141571891503057,0.012049085444212609,-0.06663819152932328,0.009128487835991633,17.31623,0.02271458,17.07529,0.02467147,17.02469,0.01071426,17.10636,0.01717132,17.16773,0.02227974,-1.0,-1.0,-1.0,-1.0,-1.0,-1.0,-1.0,-1.0,-1.0,-1.0,-1.0,-1.0,17.0307,0.0059,17.006217647058826,0.01012941176470685,17.106,0.0049,17.2318,0.0054,17.314577420025756,0.0097,-1.0,-1.0,-1.0,-1.0,-1.0,-1.0,-1.0,-1.0,-1.0,-1.0,17.626,0.125,17.89,0.231,-1.0,-1.0,-1.0,-1.0,-1.0,-1.0,19.332562930319284,0.036285101695070716,19.90470933624932,0.13619104679628838,16.862,0.006,0.0
23,2344901720977366528,15.913770367280597,-24.74956119947146,-46.01418720930767,-95.82531938975706,2016.0,16.696207,16.727282,16.630838,12.839916473859917,0.06662742,3948.787359810336,2.8169165,2782.9426019141456,14.834983,1765.318327504751,11.979625,16.809877733026664,16.742731766645182,16.986940110580548,0.0028556908643526855,0.0062300509927663604,0.007533295077184264,12.352678740939872,0.011613751521815818,-0.24420834393536467,0.009787663025538516,-1.0,-1.0,-1.0,-1.0,-1.0,-1.0,-1.0,-1.0,-1.0,-1.0,16.8283,0.0216,16.7804,0.0201,16.7042,0.0044,16.7941,0.0039,17.0023,0.015,17.1679,0.0111,16.7031,0.0005,16.8007,0.0034,16.959,0.0033,17.1123,0.0041,17.2009,0.0112,-1.0,-1.0,-1.0,-1.0,-1.0,-1.0,-1.0,-1.0,-1.0,-1.0,-1.0,-1.0,-1.0,-1.0,-1.0,-1.0,19.927,0.169,17.5847,0.0383,19.557005531051146,0.044174941075471166,-1.0,-1.0,16.713,0.006,0.0
32,5037084872486444928,21.353109751656604,-26.01467836756078,235.87006780372127,-524.4372546001046,2016.0,14.960075,15.120025,14.662146,60.35779337436104,0.025622379,19539.64037613835,7.741458,12229.448284894319,17.812288,10821.807589708586,9.894426,15.073743521445465,15.13543746542203,15.018239157395936,0.0027831327624660953,0.0027954419052588194,0.0018736759184775416,13.977411368671744,0.0029338768655561647,0.11719830802608956,0.0033598014349205067,-1.0,-1.0,-1.0,-1.0,-1.0,-1.0,-1.0,-1.0,-1.0,-1.0,15.6176,0.0104,15.4617,0.011,15.0895,0.0042,14.9824,0.0043,14.9983,0.0054,15.0699,0.0071,15.12636410773177,0.0047,14.996212307692309,0.007021538461538166,14.993276847354615,0.00249965277312271,15.061572262773721,0.0023,15.139214487369985,0.0040902674591378,-1.0,-1.0,-1.0,-1.0,-1.0,-1.0,-1.0,-1.0,-1.0,-1.0,15.345,0.029,15.703000000000001,0.044,16.181,0.072,-1.0,-1.0,17.5089,0.0188,17.134849743212925,0.006550762586244016,17.632789185990017,0.017444919018651337,14.739,0.006,0.0
35,2451840221895091584,23.74448444369571,-15.601894708954651,146.88112320295443,104.2527700529138,2016.0,16.976221,17.01248,16.917906,11.880903343714024,0.07806554,3051.1115750036734,2.5311053,2140.056859571808,13.011462,1355.1764014680966,7.2821193,17.089892625313542,17.027909220137794,17.274034562183857,0.0028982247854906526,0.00699735900325139,0.006050227632904056,12.464178265466664,0.014603211931417417,-0.2461253420460664,0.009247866089192189,-1.0,-1.0,-1.0,-1.0,-1.0,-1.0,-1.0,-1.0,-1.0,-1.0,17.0803,0.0226,17.1091,0.0205,16.9673,0.0153,17.0797,0.014,17.2707,0.0072,17.4388,0.011,16.9997,0.0037,17.0731,0.0056,17.253,0.0034,17.4138,0.0064,17.523,0.0073,16.975561,0.0007286178,17.115604,0.00067415583,17.293581,0.00077547855,17.469688,0.0011714606,17.606163,0.0029331376,-1.0,-1.0,-1.0,-1.0,-1.0,-1.0,-1.0,-1.0,-1.0,-1.0,19.83725212020235,0.05970400854366807,-1.0,-1.0,17.003,0.006,0.0
42,4686800224727589248,27.65697882502686,-72.12229771290937,-229.35758953574202,-232.9983541024403,2016.0,16.232738,16.427723,15.897209,31.529255729514464,0.035032243,6051.34083280147,3.1697445,3667.1419703115585,14.713131,3469.560276989501,10.154932,16.34641037430609,16.44317087895364,16.253304139225484,0.0028065550026518476,0.004947170074672164,0.0035504342565542244,13.839979131462883,0.0036961372270277104,0.18986673972815737,0.006084926406678502,-1.0,-1.0,-1.0,-1.0,-1.0,-1.0,-1.0,-1.0,-1.0,-1.0,17.1122,0.0227,16.8234,0.022,16.4044,0.0099,16.2584,0.0133,16.2318,0.0065,16.2848,0.0084,-1.0,-1.0,-1.0,-1.0,-1.0,-1.0,-1.0,-1.0,-1.0,-1.0,-1.0,-1.0,-1.0,-1.0,-1.0,-1.0,-1.0,-1.0,-1.0,-1.0,16.563,0.051,17.034,0.124,17.274,0.179,-1.0,-1.0,-1.0,-1.0,18.16264996693507,0.010638067148015884,18.853738009000775,0.03543256224011132,15.969,0.006,0.0
46,78629306318257536,29.913679291847156,15.813185115613738,-75.66425193587371,-10.10694040836822,2016.0,15.759198,15.818765,15.643208,26.147366577767595,0.046650495,9359.819958090986,6.006161,6425.559470945872,15.221047,4384.045861611591,11.911808,15.87286830210299,15.834189693916397,15.99929413595539,0.0028395160320292944,0.003450485690710296,0.0033494958189732187,12.959988770495771,0.004797682300965751,-0.1651044420389986,0.004818368068232295,15.9486,0.01883255,15.77694,0.01627842,15.83974,0.01449695,15.95685,0.01546395,16.11437,0.01378763,-1.0,-1.0,-1.0,-1.0,-1.0,-1.0,15.8462,0.043,15.984,0.0111,16.1284,0.0639,15.78,0.0058,15.8467,0.0029,15.9744,0.0046,16.1142,0.0037,16.2127,0.004,-1.0,-1.0,-1.0,-1.0,-1.0,-1.0,-1.0,-1.0,-1.0,-1.0,16.651,0.076,16.826999999999998,0.11,-1.0,-1.0,20.9573,0.1457,16.969,0.0127,18.37683466340432,0.017165645905280906,19.034085082716963,0.06357700021041696,15.725,0.007,0.0
48,2490494240363793792,30.94495223003929,-7.027178786814818,33.228598654894206,-59.578359689528206,2016.0,17.343449,17.454378,17.123856,15.921209049008418,0.102112174,2175.5409957962725,2.1209738,1424.5103630300791,9.8681135,1121.0260124565282,10.570254,17.4571204405725,17.469792293034814,17.48002067274712,0.002948616801498364,0.007833282209279287,0.010377737260825125,13.466889278698586,0.014214736567081611,-0.010228379712306692,0.012994988910595914,17.8023,0.01695737,17.48808,0.03236064,17.38213,0.01342133,17.44951,0.01423322,17.56904,0.02206897,17.8109,0.0344,17.6954,0.0323,17.423,0.0099,17.3702,0.0164,17.4584,0.0094,17.5458,0.0172,17.4564,0.0117,17.3896,0.0042,17.4681,0.0044,17.5491,0.0099,17.6132,0.0103,-1.0,-1.0,-1.0,-1.0,-1.0,-1.0,-1.0,-1.0,-1.0,-1.0,-1.0,-1.0,-1.0,-1.0,-1.0,-1.0,21.9376,0.3685,19.0352,0.0589,19.640043538264685,0.04675034289889223,-1.0,-1.0,17.197,0.006,0.0
51,4964236282912470400,33.1831096445097,-39.264586404000674,11.618704626414704,18.521912347660447,2016.0,16.53218,16.605753,16.366467,18.448478546542788,0.045874253,4592.764762648453,2.8496902,3112.54337540844,8.292769,2252.0151196992074,8.662444,16.645851531073863,16.62117736623077,16.72256640265183,0.0028341213207392145,0.0037006709576788226,0.004458024659987274,12.975636806249607,0.006097992481038924,-0.10138903642104925,0.005789104367788009,-1.0,-1.0,-1.0,-1.0,-1.0,-1.0,-1.0,-1.0,-1.0,-1.0,16.8486,0.0188,16.764,0.0182,16.562,0.0096,16.5762,0.0104,16.7054,0.0141,16.8617,0.0124,-1.0,-1.0,-1.0,-1.0,-1.0,-1.0,-1.0,-1.0,-1.0,-1.0,16.580647,0.0005602287,16.622263,0.0005746992,16.735003,0.00063136296,16.876444,0.0009309704,17.000587,0.002060818,17.2,0.104,17.639,0.168,-1.0,-1.0,20.1417,0.1179,17.9323,0.0274,18.816741239803427,0.02078606653918538,19.484925742639742,0.07838188612625378,16.45,0.006,0.0
62,5079722249785158144,45.440736734371484,-20.744431486166338,80.77759193998692,11.264573130295432,2016.0,17.495901,17.635092,17.244555,15.452614628765069,0.08254868,1890.543175064309,1.6517001,1206.0921300480784,8.439274,1003.0824710258406,9.077626,17.609572539388036,17.65055446455129,17.600715471178606,0.0029128922333520103,0.00793190675779714,0.00994299794325223,13.554547562208013,0.011964375677868865,0.049838993372685755,0.012740366510079072,-1.0,-1.0,-1.0,-1.0,-1.0,-1.0,-1.0,-1.0,-1.0,-1.0,18.1703,0.0853,18.0571,0.0426,17.6071,0.0086,17.5282,0.0074,17.597,0.0118,17.6938,0.0151,17.6317,0.0013,17.5279,0.0073,17.5748,0.0029,17.6489,0.0022,17.7204,0.0083,17.642857,0.0008037363,17.546293,0.00078438,17.592188,0.0009702103,17.68684,0.001637694,17.778118,0.0039934856,-1.0,-1.0,-1.0,-1.0,-1.0,-1.0,-1.0,-1.0,19.9394,0.1216,19.59035269165183,0.042507881718216824,20.38896021925315,0.19253202579109224,17.341,0.007,0.0
77,3193194629937678464,59.775664592909386,-11.310272683777674,119.27636696817615,-115.92701534212296,2016.0,17.42854,17.611996,17.13305,17.953537914750775,0.08274013,2011.550678091389,1.6066374,1232.0229634541854,7.2260666,1111.5721048198404,5.8891873,17.54220437937545,17.627410752464662,17.489169903588575,0.0028835499474804413,0.006765176016449442,0.0059412768510889065,13.81291305910407,0.010442301188520183,0.13824084887608779,0.009009629259468575,18.13638,0.02496949,17.63478,0.02438482,17.44889,0.01717726,17.41393,0.02079645,17.46798,0.01862624,18.1638,0.0462,18.0302,0.0546,17.5772,0.0103,17.4363,0.0181,17.4574,0.0139,17.5438,0.0185,17.6158,0.0063,17.4501,0.0028,17.4407,0.0027,17.4741,0.0185,17.5582,0.0088,-1.0,-1.0,-1.0,-1.0,-1.0,-1.0,-1.0,-1.0,-1.0,-1.0,17.575,0.13,-1.0,-1.0,-1.0,-1.0,-1.0,-1.0,20.3586,0.1827,19.282095827159587,0.034622334410291396,19.422120500124425,0.08071245253534157,17.188,0.006,0.0
89,3198881613315343872,66.8829336668932,-7.133932548985688,163.41392722735975,40.23663452591437,2016.0,16.735083,16.92497,16.412466,25.167050345917634,0.058514338,3809.901263298575,1.94587,2319.6820453798623,8.474188,2158.5985070029806,7.59035,16.848754004510276,16.940404933846615,16.76854334551264,0.002807457292138673,0.0045793001925607275,0.004146893120027101,13.852916093914487,0.005764211389736478,0.17186158833397228,0.006171946575345313,-1.0,-1.0,-1.0,-1.0,-1.0,-1.0,-1.0,-1.0,-1.0,-1.0,17.452,0.0354,17.2842,0.0162,16.8941,0.0067,16.7556,0.0082,16.755,0.0084,16.8212,0.013,16.9044,0.0049,16.7539,0.0035,16.7501,0.0027,16.8093,0.0036,16.8386,0.0138,-1.0,-1.0,-1.0,-1.0,-1.0,-1.0,-1.0,-1.0,-1.0,-1.0,17.162,0.079,17.446,0.119,17.465,0.218,-1.0,-1.0,19.4605,0.0802,18.646637907705564,0.02018086106955334,19.14122675824526,0.06387521112925845,16.483,0.006,0.0
117,2885703558846874624,91.13337438766847,-36.852132582096786,-16.647389282963957,-112.17728801186423,2016.0,17.266516,17.425013,16.99183,19.094227674423596,0.062362727,2335.286666900599,1.8954891,1463.5639089623915,7.897463,1265.9770019107216,8.929624,17.380189539292342,17.44045196519754,17.34798681119652,0.0028909720863945195,0.006306586582866698,0.007813953013785744,13.78467772608181,0.007656521716031835,0.09246515400101947,0.010025590160651939,-1.0,-1.0,-1.0,-1.0,-1.0,-1.0,-1.0,-1.0,-1.0,-1.0,17.8429,0.0405,17.7387,0.0288,17.3866,0.0169,17.2973,0.0142,17.3333,0.0106,17.4458,0.0218,-1.0,-1.0,-1.0,-1.0,-1.0,-1.0,-1.0,-1.0,-1.0,-1.0,17.423737,0.00072572374,17.310766,0.0006739667,17.351803,0.00074138603,17.434875,0.0009664976,17.528133,0.0026612505,-1.0,-1.0,-1.0,-1.0,-1.0,-1.0,-1.0,-1.0,-1.0,-1.0,19.442623614843562,0.03209560968389138,20.145906517969305,0.12493128154326166,17.069,0.006,0.0
179,615733593956317568,150.45412521332068,14.689990879643133,-338.703141161246,11.331797181997137,2016.0,15.307651,15.505647,14.96523,51.53569858284947,0.036321424,14186.871590414363,5.988262,8573.504408278031,22.003122,8185.893328218606,8.775649,15.421320521651333,15.52109087450058,15.321324791935698,0.002789320565258144,0.0036129927092041643,0.0019652733924811166,13.98186012220094,0.0031866366527988064,0.19976608256488296,0.004108002370294325,16.06461,0.02503098,15.52007,0.02058304,15.32434,0.02291966,15.26983,0.0103295,15.3383,0.01344164,16.118,0.0393,15.9637,0.0474,15.4832,0.0172,15.3642,0.0189,15.3201,0.01,15.3643,0.0155,15.5219,0.0036,15.334,0.0015,15.30151147891084,0.0029599572877737376,15.36053297297297,0.01384216216216201,15.349176470588237,0.004894117647058719,-1.0,-1.0,-1.0,-1.0,-1.0,-1.0,-1.0,-1.0,-1.0,-1.0,15.607,0.036,15.914,0.055,16.314,0.079,22.1485,0.4784,17.9586,0.0465,17.242818115820956,0.007456873913486852,17.87160907479574,0.023774956085561204,15.042,0.006,2.0
186,3763445409285757824,164.39272990821704,-7.522698907313,-816.9845553873879,91.29802255442999,2016.0,14.239208,14.391698,13.9645605,81.50828167584473,0.024058733,37954.52626075529,23.55664,23918.71779826987,28.658396,20574.73129129785,23.574259,14.352877661879393,14.407118348848908,14.320653620670983,0.0028336739406443867,0.002641829841066962,0.0020122968993074217,13.90888658360318,0.0029039218967706407,0.08646472817792261,0.0033186277853532705,-1.0,-1.0,-1.0,-1.0,-1.0,-1.0,-1.0,-1.0,-1.0,-1.0,14.860080856295971,0.0179,14.71840017481918,0.0204,14.352457485007019,0.0111,14.273710801548802,0.0114,14.296817448583344,0.0099,14.382919130825671,0.0169,14.389038694792355,0.0050833882663148845,14.286473378352055,0.0006602168690345129,14.3016417044782,0.009846123495758398,14.377679032803519,0.0036219141021305223,14.45158327100964,0.011550324739224278,-1.0,-1.0,-1.0,-1.0,-1.0,-1.0,-1.0,-1.0,-1.0,-1.0,14.68,0.029,15.07,0.032,15.334999999999999,0.038,-1.0,-1.0,-1.0,-1.0,16.619977014623316,0.005051410413713093,17.328415239498945,0.015920628082610792,14.042,0.006,0.0
197,3586859340739311488,173.40364819447706,-11.091843963321526,-192.26810729707643,-59.88774026637233,2016.0,16.555222,16.595856,16.473211,15.07878968385896,0.060040202,4496.333085118823,3.168646,3141.048984290179,14.34666,2041.143085949146,11.005432,16.668890745934974,16.611287693636054,16.829329468907073,0.002854536672220219,0.005454984397439866,0.006039165788564437,12.560676732526934,0.009093360484339416,-0.218041775271014,0.00814058883957434,-1.0,-1.0,-1.0,-1.0,-1.0,-1.0,-1.0,-1.0,-1.0,-1.0,16.7097,0.0178,16.6719,0.0169,16.5762,0.0079,16.6466,0.0144,16.8191,0.008,17.0204,0.01,16.5674,0.0028,16.6606,0.0016,16.7975,0.0037,16.9544,0.0042,17.0758,0.0094,-1.0,-1.0,-1.0,-1.0,-1.0,-1.0,-1.0,-1.0,-1.0,-1.0,17.458,0.126,17.651,0.188,-1.0,-1.0,19.776,0.1246,17.6086,0.0232,19.35564668147032,0.04048797387393967,-1.0,-1.0,16.547,0.006,0.0
200,3490527755479959936,177.58339167883256,-25.893723018809858,-108.72800711885847,-124.91095028400744,2016.0,16.290762,16.485447,15.96321,34.04983611431383,0.046802893,5736.431039000045,2.5839076,3477.268109527003,13.451782,3264.9312016859153,9.227009,16.40443478399644,16.500885445104228,16.319291171793203,0.0027937833715697604,0.004778046892744534,0.003474822214776902,14.06498965843974,0.004073984825558352,0.18159427331102868,0.005899080722773308,-1.0,-1.0,-1.0,-1.0,-1.0,-1.0,-1.0,-1.0,-1.0,-1.0,17.0822,0.0144,16.8765,0.0161,16.455,0.006,16.3142,0.0084,16.3075,0.007,16.3767,0.0109,16.513,0.0022,16.3178,0.0024,16.2923,0.0024,16.3562,0.0066,16.392,0.0058,-1.0,-1.0,-1.0,-1.0,-1.0,-1.0,-1.0,-1.0,-1.0,-1.0,16.618,0.071,16.861,0.115,17.332,0.233,-1.0,-1.0,19.7136,0.133,18.27597013741621,0.015807549350846696,18.997057452513815,0.06300642649970092,16.035,0.006,0.0
208,3519617951228451328,185.80663919870523,-18.870232205389737,24.745040764430485,-97.12414518420205,2016.0,16.451372,16.5228,16.314734,20.759143492947338,0.05658932,4947.642018974783,3.4418373,3359.6700306322123,10.906664,2361.917580033606,10.617208,16.565038316420182,16.53825657316516,16.670852574487345,0.0028540018147319123,0.004206242824078463,0.005123386198570134,13.15105828952714,0.00656277336133978,-0.1325960013221871,0.006632704520295602,-1.0,-1.0,-1.0,-1.0,-1.0,-1.0,-1.0,-1.0,-1.0,-1.0,16.7303,0.018,16.6421,0.0267,16.4919,0.0078,16.5448,0.0307,16.6667,0.0061,16.8152,0.0088,16.5089,0.002,16.5277,0.0056,16.656,0.002,16.7739,0.0081,16.8724,0.0033,-1.0,-1.0,-1.0,-1.0,-1.0,-1.0,-1.0,-1.0,-1.0,-1.0,-1.0,-1.0,-1.0,-1.0,-1.0,-1.0,21.5271,0.2856,17.7541,0.0251,19.105398359604386,0.03316615751004824,-1.0,-1.0,16.399,0.006,0.0
213,3528871819044810368,190.48175700844206,-13.584461293813927,-272.0029023029287,-174.62196469605982,2016.0,15.721505,15.811216,15.544665,27.819860007335123,0.047510855,9690.465622779084,4.529948,6470.38933878442,12.650464,4800.563355189349,10.355354,15.835179231009485,15.826639914168679,15.900765397902706,0.0027957912408981757,0.0031282887512050763,0.0028194373624409273,13.05696017687896,0.004651586465883496,-0.07412548373402403,0.004208334061506667,16.09429,0.01787825,15.82092,0.01659309,15.78447,0.01542388,15.88604,0.01810936,15.95385,0.02546169,16.0526,0.0224,15.9794,0.0302,15.775,0.0075,15.7697,0.0121,15.8784,0.0071,16.0059,0.0087,15.811178048780487,0.0032,15.7941,0.0023,15.8799,0.0044,15.9974,0.0028,16.0586,0.0084,-1.0,-1.0,-1.0,-1.0,-1.0,-1.0,-1.0,-1.0,-1.0,-1.0,16.422,0.051,16.741,0.108,17.209,0.195,-1.0,-1.0,-1.0,-1.0,18.08889532951649,0.014069645745557217,18.560457761212493,0.04375452449935765,15.617,0.006,0.0
216,1540371883066128768,191.39854094141336,42.63994807144489,18.94541025942017,-53.884973114782035,2016.0,17.085533,17.155296,16.96097,14.09947600828709,0.07265448,2758.8851558231604,1.7187136,1876.2843195181028,6.8140984,1302.4776733695824,9.952899,17.199202374312236,17.170716009091862,17.317140903925356,0.002829286577376621,0.004568150571967498,0.008480220873182448,12.945172658666396,0.011571147681760017,-0.14642489483349397,0.009636751129102032,17.31769,0.01743255,17.14323,0.01700236,17.18357,0.01861387,17.28648,0.01463756,17.45528,0.02027759,-1.0,-1.0,-1.0,-1.0,-1.0,-1.0,-1.0,-1.0,-1.0,-1.0,-1.0,-1.0,17.1322,0.005,17.1633,0.0041,17.2909,0.0039,17.4306,0.0042,17.5221,0.0089,-1.0,-1.0,-1.0,-1.0,-1.0,-1.0,-1.0,-1.0,-1.0,-1.0,-1.0,-1.0,-1.0,-1.0,-1.0,-1.0,-1.0,-1.0,18.2963,0.0318,19.68679126137065,0.04118657160436212,-1.0,-1.0,17.031,0.006,2.0
217,3530520910392199680,192.1169202934096,-10.483153924976504,-105.13779032993877,-95.8383603149011,2016.0,16.81184,16.966652,16.535793,25.18422790417247,0.0630287,3549.8579707313147,2.1131082,2232.317024228094,9.140943,1926.817862303971,9.176493,16.92550687351617,16.98206531664204,16.89192288372961,0.002826723563160579,0.005014205020597863,0.005396801369951017,13.931145815758242,0.00612270220406864,0.09014243291242939,0.007364485426142877,17.43118,0.03491173,16.96873,0.02355105,16.85263,0.01472642,16.86797,0.01422362,16.91735,0.0216057,17.3936,0.0189,17.2981,0.0214,16.9282,0.0103,16.8302,0.0188,16.8766,0.0087,16.9564,0.0133,16.9684,0.003,16.8494,0.0044,16.8787,0.0019,16.9439,0.0028,17.0235,0.0087,-1.0,-1.0,-1.0,-1.0,-1.0,-1.0,-1.0,-1.0,-1.0,-1.0,17.236,0.095,-1.0,-1.0,-1.0,-1.0,-1.0,-1.0,-1.0,-1.0,19.678877395407547,0.05495933756456032,-1.0,-1.0,16.618,0.006,0.0
230,3606353475741254272,203.3389143721855,-15.00746155061869,-161.5183853424179,-4.617928813022027,2016.0,16.840637,17.027138,16.526903,23.313122904035584,0.06806943,3456.9416939794773,2.1192431,2111.3559472283,8.923546,1942.6615846225936,8.746305,16.954308198636518,17.04257459066732,16.883033859406755,0.0028314169760816975,0.005158369486245594,0.005149831963262442,13.79233464917563,0.006936771829827789,0.15954073126056856,0.007276365851490164,-1.0,-1.0,-1.0,-1.0,-1.0,-1.0,-1.0,-1.0,-1.0,-1.0,17.5462,0.0236,17.3883,0.0162,16.9901,0.0051,16.8589,0.007,16.8566,0.0065,16.9087,0.0117,17.020622277227723,0.011027227722770953,16.871931310344824,0.00941572413793118,16.86775448281142,0.015250440241941018,16.9194874058127,0.004,16.983759728506783,0.01120723981900563,-1.0,-1.0,-1.0,-1.0,-1.0,-1.0,-1.0,-1.0,-1.0,-1.0,17.232,0.11,17.355999999999998,0.142,-1.0,-1.0,-1.0,-1.0,20.0902,0.1163,18.812495932183985,0.025742560219624917,-1.0,-1.0,16.599,0.006,0.0
248,1494485758144731520,216.78351666169226,45.60864768818019,-77.96406752724224,-34.83462735560073,2016.0,16.688375,16.836292,16.430216,23.37577289397338,0.044503298,3977.378068577993,2.128797,2517.099333989164,8.725023,2123.597360638235,6.927807,16.802043156664674,16.851717782295434,16.786315155573988,0.0028145734077181603,0.004403869966867797,0.0038815487278092624,13.645876075520487,0.005001202570199014,0.06540262672144294,0.005868392006363064,17.28101,0.01787779,16.83621,0.01871805,16.71983,0.01578862,16.74657,0.01218473,16.83573,0.01982523,-1.0,-1.0,-1.0,-1.0,-1.0,-1.0,-1.0,-1.0,-1.0,-1.0,-1.0,-1.0,16.826,0.0053,16.7179,0.0025,16.7428,0.0075,16.8444,0.0032,16.9121,0.0112,-1.0,-1.0,-1.0,-1.0,-1.0,-1.0,-1.0,-1.0,-1.0,-1.0,17.173000000000002,0.102,-1.0,-1.0,-1.0,-1.0,-1.0,-1.0,-1.0,-1.0,18.84069672511012,0.020030086267037384,19.331406697132362,0.061544994155958904,16.503,0.006,2.0
262,6206195620664214400,230.81688080569793,-34.20315652643039,-364.35657818516984,-247.84792693308515,2016.0,15.370509,15.44322,15.230935,30.635244715507298,0.036578923,13388.840756541824,6.912947,9080.901751004838,19.656147,6408.907977463854,20.402212,15.484182208637277,15.458643124597508,15.58703820722899,0.0028089927860650197,0.0032817734051143305,0.003792976483572463,12.915280601334649,0.0038184058461491243,-0.12839508263147806,0.005016862199352555,-1.0,-1.0,-1.0,-1.0,-1.0,-1.0,-1.0,-1.0,-1.0,-1.0,15.5482,0.0186,15.5854,0.0178,15.4117,0.0071,15.4336,0.0086,15.572,0.0081,15.7114,0.0081,-1.0,-1.0,-1.0,-1.0,-1.0,-1.0,-1.0,-1.0,-1.0,-1.0,-1.0,-1.0,-1.0,-1.0,-1.0,-1.0,-1.0,-1.0,-1.0,-1.0,16.15,0.049,16.672,0.114,17.150000000000002,0.17,20.3646,0.3953,16.759,0.0196,18.141284491677787,0.015014560166781437,18.727552740367607,0.05056730982045832,15.3,0.006,0.0
265,1204051067339635072,238.00364418667914,19.96401272144666,-54.025460260178505,-168.9016703602157,2016.0,16.183655,16.208588,16.118364,17.071334191217627,0.045548603,6331.183344904742,3.7813632,4487.265589548218,14.412058,2830.168952496889,13.006341,16.29732449301621,16.22400250636995,16.474459012062734,0.002822158217116018,0.004180583306237442,0.005248169045504736,12.458637823335293,0.006439281368090599,-0.2504565056927846,0.006718709083310952,16.3084,0.02123976,16.1872,0.02535732,16.28483,0.01502978,16.43994,0.01256215,16.63911,0.01810866,-1.0,-1.0,-1.0,-1.0,-1.0,-1.0,-1.0,-1.0,-1.0,-1.0,-1.0,-1.0,16.1736,0.0032,16.2913,0.0014,16.4488,0.0022,16.611,0.0046,16.7326,0.0081,-1.0,-1.0,-1.0,-1.0,-1.0,-1.0,-1.0,-1.0,-1.0,-1.0,17.036,0.106,17.282,0.21,-1.0,-1.0,19.2068,0.1318,17.1183,0.0203,19.081195565977538,0.026775054379287344,19.86736962426107,0.11443301976485117,16.199,0.007,2.0
299,4369361489686615296,264.87779603258303,-2.6159188361049264,-67.11460514547258,204.05865558517576,2016.0,17.428051,17.569744,17.188116,15.872878072542202,0.09361068,2012.4548077433008,1.7387533,1280.9129290785659,9.533964,1056.602206076889,7.832044,17.541721482209706,17.58518022981902,17.54426812355694,0.002906160220102692,0.008382483567184481,0.008203061891692556,13.544941704181817,0.01312437035829194,0.04091210626208275,0.01172984061172621,-1.0,-1.0,-1.0,-1.0,-1.0,-1.0,-1.0,-1.0,-1.0,-1.0,17.8063,0.0423,17.7611,0.0355,17.5327,0.0082,17.483,0.008,17.5099,0.01,17.6031,0.0184,17.5611,0.0017,17.484,0.0029,17.5462,0.0066,17.6165,0.0031,17.7191,0.0145,-1.0,-1.0,-1.0,-1.0,-1.0,-1.0,-1.0,-1.0,-1.0,-1.0,-1.0,-1.0,-1.0,-1.0,-1.0,-1.0,-1.0,-1.0,-1.0,-1.0,19.46912172655243,0.044757669762036385,-1.0,-1.0,17.276,0.006,0.0
346,6424223313252632576,301.7837173352278,-67.57905822889313,39.84658353234956,-151.92988527950843,2016.0,16.461164,16.605253,16.205635,26.000873352682163,0.047285017,4903.214877021344,2.2941525,3113.9793658075387,9.176245,2611.5834808908694,6.943109,16.574836131311052,16.620676112091715,16.561733616815832,0.0027972737280896704,0.003946067352315587,0.003290134710439463,13.649746791172262,0.004842118226133595,0.05894249527588008,0.005130020761641638,-1.0,-1.0,-1.0,-1.0,-1.0,-1.0,-1.0,-1.0,-1.0,-1.0,17.054,0.0189,16.9523,0.021,16.5787,0.011,16.5148,0.0112,16.5524,0.0096,16.671,0.0138,-1.0,-1.0,-1.0,-1.0,-1.0,-1.0,-1.0,-1.0,-1.0,-1.0,-1.0,-1.0,-1.0,-1.0,-1.0,-1.0,-1.0,-1.0,-1.0,-1.0,16.747999999999998,0.083,17.204,0.2,17.298000000000002,0.216,21.8936,0.4053,18.311,0.0567,18.64408259762649,0.019454455113780758,19.451274269167047,0.07815035310791929,16.278,0.006,0.0
350,6797171060323993728,305.1057046665205,-30.454499720553063,-71.99896976151112,-96.75226994086086,2016.0,13.596937,13.626402,13.528521,57.27289689365631,0.02108817,68575.92878381936,39.89186,48401.18168017272,44.639027,30743.275736410535,24.876749,13.710606689514073,13.641822184181832,13.884615266921308,0.002822462870435155,0.0025112357213776617,0.001816434709022526,12.500351561615814,0.002934850866489327,-0.2427930827394753,0.0030933654297451815,-1.0,-1.0,-1.0,-1.0,-1.0,-1.0,-1.0,-1.0,-1.0,-1.0,13.7037,0.0135,13.7013,0.0107,13.603,0.0058,13.6825,0.0069,13.8813,0.0048,14.0609,0.0064,13.6353,0.0064,13.6889,0.0249,13.8721,0.0031,14.0146,0.0013,14.1597,0.0159,-1.0,-1.0,-1.0,-1.0,-1.0,-1.0,-1.0,-1.0,-1.0,-1.0,14.535,0.028,14.995000000000001,0.039,15.439,0.05,16.6533,0.0351,14.6018,0.0095,16.3469393539462,0.004038561571520534,17.076132566783343,0.01289305463630999,13.611,0.006,0.0
365,6808651507904773888,313.0701935873609,-22.10863862165755,4.18804509923444,145.14797881280373,2016.0,14.935269,15.044355,14.719013,49.208390883803354,0.032270093,19991.20403403424,7.6167073,13112.178287135346,19.31185,10269.586772186816,12.207187,15.048941944498512,15.05978251729227,15.07510324639306,0.002782503698849161,0.0028114694103623683,0.002041254480769607,13.50913651982142,0.003130981731661445,-0.015320729100791818,0.0034737611970466673,-1.0,-1.0,-1.0,-1.0,-1.0,-1.0,-1.0,-1.0,-1.0,-1.0,15.3671,0.0147,15.2638,0.0127,15.0097,0.0068,14.9824,0.0086,15.0575,0.0059,15.177,0.0075,15.0667,0.0039,15.0013,0.0019,15.0571,0.0018,15.1524,0.0014,15.2461,0.0028,-1.0,-1.0,-1.0,-1.0,-1.0,-1.0,-1.0,-1.0,-1.0,-1.0,15.478,0.035,15.992,0.059,16.423000000000002,0.073,-1.0,-1.0,16.8979,0.0182,17.165601156546774,0.007159932362550941,17.883402851952276,0.02569841471653342,14.795,0.006,0.0
379,6585792870460638336,324.33847295829395,-38.143993618720195,-7.327774686507259,-10.033134980867711,2016.0,16.540829,16.733006,16.207914,30.891736629457768,0.055703536,4556.331064861626,2.2799435,2768.311346754704,10.5485525,2606.109031238536,9.249994,16.654498725998042,16.74841723297933,16.564023649127012,0.002803892358233667,0.004738876084296352,0.004178261609340126,14.103687244016344,0.004799906653584632,0.184393583852321,0.0063031726652897566,-1.0,-1.0,-1.0,-1.0,-1.0,-1.0,-1.0,-1.0,-1.0,-1.0,17.3608,0.0156,17.1518,0.0198,16.7002,0.0032,16.5671,0.0028,16.5422,0.0049,16.6052,0.0104,-1.0,-1.0,-1.0,-1.0,-1.0,-1.0,-1.0,-1.0,-1.0,-1.0,-1.0,-1.0,-1.0,-1.0,-1.0,-1.0,-1.0,-1.0,-1.0,-1.0,16.822,0.073,17.174,0.128,17.747,0.248,-1.0,-1.0,20.4356,0.1242,18.36934444742733,0.01676143295443289,19.064198100555753,0.06442807293372477,16.283,0.006,0.0
